{
  "id": "/subscriptions/6e9c16d1-ed35-40ef-a81d-4ac4c63276a5/resourceGroups/Group05/providers/Microsoft.Resources/deployments/Microsoft.Web-WebApp-Portal-7472a867-be0b",
  "name": "Microsoft.Web-WebApp-Portal-7472a867-be0b",
  "properties": {
    "templateHash": "18309316957365657738",
    "parameters": {
      "subscriptionId": {
        "type": "String",
        "value": "6e9c16d1-ed35-40ef-a81d-4ac4c63276a5"
      },
      "name": {
        "type": "String",
        "value": "giaotiepnguoimay05"
      },
      "location": {
        "type": "String",
        "value": "Central US"
      },
      "hostingEnvironment": {
        "type": "String",
        "value": ""
      },
      "hostingPlanName": {
        "type": "String",
        "value": "ASP-Group05-92d9"
      },
      "serverFarmResourceGroup": {
        "type": "String",
        "value": "Group05"
      },
      "alwaysOn": {
        "type": "Bool",
        "value": false
      },
      "sku": {
        "type": "String",
        "value": "Free"
      },
      "skuCode": {
        "type": "String",
        "value": "F1"
      },
      "workerSize": {
        "type": "String",
        "value": "0"
      },
      "workerSizeId": {
        "type": "String",
        "value": "0"
      },
      "numberOfWorkers": {
        "type": "String",
        "value": "1"
      },
      "currentStack": {
        "type": "String",
        "value": "java"
      },
      "javaVersion": {
        "type": "String",
        "value": "11"
      },
      "javaContainer": {
        "type": "String",
        "value": "Tomcat"
      },
      "javaContainerVersion": {
        "type": "String",
        "value": "8.5"
      }
    },
    "mode": "Incremental",
    "debugSetting": {
      "detailLevel": "None"
    },
    "provisioningState": "Running",
    "timestamp": "2019-09-24T03:52:39.8435822Z",
    "duration": "PT6.5800579S",
    "correlationId": "4812f10c-26fe-40ee-b7b1-849d31004aa9",
    "providers": [
      {
        "namespace": "Microsoft.Web",
        "resourceTypes": [
          {
            "resourceType": "sites",
            "locations": [
              "centralus"
            ]
          },
          {
            "resourceType": "serverfarms",
            "locations": [
              "centralus"
            ]
          }
        ]
      },
      {
        "namespace": "microsoft.insights",
        "resourceTypes": [
          {
            "resourceType": "components",
            "locations": [
              "centralus"
            ]
          }
        ]
      }
    ],
    "dependencies": [
      {
        "dependsOn": [
          {
            "id": "/subscriptions/6e9c16d1-ed35-40ef-a81d-4ac4c63276a5/resourceGroups/Group05/providers/microsoft.insights/components/giaotiepnguoimay05",
            "resourceType": "microsoft.insights/components",
            "resourceName": "giaotiepnguoimay05"
          },
          {
            "id": "/subscriptions/6e9c16d1-ed35-40ef-a81d-4ac4c63276a5/resourceGroups/Group05/providers/Microsoft.Web/serverfarms/ASP-Group05-92d9",
            "resourceType": "Microsoft.Web/serverfarms",
            "resourceName": "ASP-Group05-92d9"
          },
          {
            "id": "/subscriptions/6e9c16d1-ed35-40ef-a81d-4ac4c63276a5/resourceGroups/Group05/providers/microsoft.insights/components/giaotiepnguoimay05",
            "resourceType": "microsoft.insights/components",
            "resourceName": "giaotiepnguoimay05",
            "apiVersion": "2015-05-01"
          }
        ],
        "id": "/subscriptions/6e9c16d1-ed35-40ef-a81d-4ac4c63276a5/resourceGroups/Group05/providers/Microsoft.Web/sites/giaotiepnguoimay05",
        "resourceType": "Microsoft.Web/sites",
        "resourceName": "giaotiepnguoimay05"
      }
    ],
    "validationLevel": "Template"
  }
}