[
  {
    "id": "/subscriptions/6e9c16d1-ed35-40ef-a81d-4ac4c63276a5/resourceGroups/Group05/providers/Microsoft.Resources/deployments/Microsoft.Web-WebApp-Portal-7472a867-be0b/operations/A47486DDEA7AE518",
    "operationId": "A47486DDEA7AE518",
    "properties": {
      "provisioningOperation": "Create",
      "provisioningState": "Succeeded",
      "timestamp": "2019-09-24T03:53:01.9740893Z",
      "duration": "PT22.0772181S",
      "trackingId": "2e36c4f9-c326-4542-9926-8b84279c5a89",
      "statusCode": "OK",
      "targetResource": {
        "id": "/subscriptions/6e9c16d1-ed35-40ef-a81d-4ac4c63276a5/resourceGroups/Group05/providers/Microsoft.Web/serverfarms/ASP-Group05-92d9",
        "resourceType": "Microsoft.Web/serverfarms",
        "resourceName": "ASP-Group05-92d9"
      }
    }
  },
  {
    "id": "/subscriptions/6e9c16d1-ed35-40ef-a81d-4ac4c63276a5/resourceGroups/Group05/providers/Microsoft.Resources/deployments/Microsoft.Web-WebApp-Portal-7472a867-be0b/operations/B296E1BC4B19382C",
    "operationId": "B296E1BC4B19382C",
    "properties": {
      "provisioningOperation": "Read",
      "provisioningState": "Succeeded",
      "timestamp": "2019-09-24T03:52:58.8272095Z",
      "duration": "PT0.4371584S",
      "trackingId": "1ea62d62-76e1-4699-b15f-aae5df85063c",
      "statusCode": "OK",
      "targetResource": {
        "id": "/subscriptions/6e9c16d1-ed35-40ef-a81d-4ac4c63276a5/resourceGroups/Group05/providers/microsoft.insights/components/giaotiepnguoimay05",
        "resourceType": "microsoft.insights/components",
        "resourceName": "giaotiepnguoimay05",
        "apiVersion": "2015-05-01"
      }
    }
  },
  {
    "id": "/subscriptions/6e9c16d1-ed35-40ef-a81d-4ac4c63276a5/resourceGroups/Group05/providers/Microsoft.Resources/deployments/Microsoft.Web-WebApp-Portal-7472a867-be0b/operations/24463A5149AF481D",
    "operationId": "24463A5149AF481D",
    "properties": {
      "provisioningOperation": "Create",
      "provisioningState": "Succeeded",
      "timestamp": "2019-09-24T03:52:58.3664892Z",
      "duration": "PT18.469618S",
      "trackingId": "15dca427-ada4-4ae5-88ae-496a7d806529",
      "statusCode": "OK",
      "targetResource": {
        "id": "/subscriptions/6e9c16d1-ed35-40ef-a81d-4ac4c63276a5/resourceGroups/Group05/providers/microsoft.insights/components/giaotiepnguoimay05",
        "resourceType": "microsoft.insights/components",
        "resourceName": "giaotiepnguoimay05"
      }
    }
  }
]